Round,Client0_Acc,Client1_Acc,Client2_Acc
1,0.4501953125,0.43701171875,0.48388671875
2,0.55126953125,0.49169921875,0.4365234375
3,0.58251953125,0.6005859375,0.6103515625
4,0.6689453125,0.673828125,0.673828125
5,0.74560546875,0.7431640625,0.7314453125
6,0.7607421875,0.732421875,0.74560546875
7,0.78173828125,0.7236328125,0.74169921875
8,0.78076171875,0.771484375,0.78564453125
9,0.802734375,0.76708984375,0.80078125
10,0.791015625,0.7998046875,0.7890625
